source_query,position,result_type,title,description,displayed_url,url,host,confidence_reason,manual_review_reason
Orange County FL private school elementary,3,organic,Orange County Public Schools - Private Schools,"Orange Center Elementary · Orlo Vista Elementary · Palm Lake Elementary · Palmetto ... The School Board of Orange County, Florida, does not discriminate in ...Read more",https://www.ocps.net › private-schools,https://www.ocps.net/private-schools,ocps.net,,needs_location_or_type_verification:ocps.net
Orange County FL private school elementary,5,organic,Private Schools in Orange County,"Premier listings for all of Orange County. Featuring a listing by city of featured Orange County Preschools, Private Schools & Higher Education.Read more",https://www.orangecounty.net › html › edu_private2,https://www.orangecounty.net/html/edu_private2.html,orangecounty.net,,needs_location_or_type_verification:orangecounty.net
Orange County FL private school elementary,6,organic,Florida Private Schools Directory - School Choice,"Information contained in this database was submitted by private schools as part of the annual survey requirement found in section 1002.42, Florida Statutes.Read more",https://www.floridaschoolchoice.org › information › pri...,https://www.floridaschoolchoice.org/information/privateschooldirectory/,floridaschoolchoice.org,,needs_location_or_type_verification:floridaschoolchoice.org
Orange County FL private school elementary,7,organic,Waldorf School Orange County | Creative and Innovative ...,"WSOC is a dual-accredited private school nestled beside acres of parkland in Costa Mesa, Orange County, California, educating ages 18 months through 18 years.Read more",https://www.waldorfschool.com,https://www.waldorfschool.com/,waldorfschool.com,,"out_of_area_title_signal:""orange county, ca"""
Orange County FL christian school elementary,5,organic,Trinity Christian School,"Founded with a mission to uphold the highest standards of academic excellence, TCS is equally dedicated to fostering spiritual growth in every student.Read more",https://www.tcsapopka.org,https://www.tcsapopka.org/,tcsapopka.org,,no_strong_signal:tcsapopka.org
Orange County FL charter school elementary,1,organic,Current List of Charter Schools,"Current List of Charter Schools ; Orlando Science Elementary Charter. (STEM Focus). K-5. 2611 Technology Dr. Orlando, FL 32804. 407-299-6595 ; Orlando Science ...Read more",https://www.ocps.net › current-list-of-charter-schools,https://www.ocps.net/current-list-of-charter-schools,ocps.net,,needs_location_or_type_verification:ocps.net
Orange County FL charter school elementary,3,organic,Charter Schools Home,"Schools are tuition-free public schools which operate under a performance contract or ""charter"" agreement between a governing board and the local public school ...Read more",https://www.ocps.net › charter-schools-home,https://www.ocps.net/charter-schools-home,ocps.net,,needs_location_or_type_verification:ocps.net
Orange County FL charter school elementary,8,organic,Princeton House Charter School,PHCS became a charter school in 1998 and is devoted to serving children with Autism in grades PK-5th. Our children represent the full spectrum of Autism.Read more,https://www.princeton-house.org,https://www.princeton-house.org/,princeton-house.org,,no_strong_signal:princeton-house.org
Orange County FL charter school elementary,10,organic,Orlando: Charter Schools,"Mater Narcoossee is a K-12 Tuition-Free Public Charter School in Orange County, Florida. ... charter elementary school owned and operated by ...Read more",https://fun4orlandokids.com › Education-Childcare › Ch...,https://fun4orlandokids.com/Education-Childcare/Charter-Schools/,fun4orlandokids.com,,aggregator_or_directory:fun4orlandokids.com
Orange County FL lower school,1,organic,Orange County Public Schools - Home,"""My experience at Orange County Public Schools has been amazing. The teachers and the education are absolutely wonderful."" Junior Student. ""Orange County Public ...Read more",https://www.ocps.net,https://www.ocps.net/,ocps.net,,needs_location_or_type_verification:ocps.net
Orange County FL lower school,3,organic,Orange County Public Schools - Schools Home,"To find the perfect school for your student, click on the “Find My School” icon below and easily search by school name, home address, or by zone. Quick Links ...Read more",https://www.ocps.net › schools,https://www.ocps.net/schools,ocps.net,,needs_location_or_type_verification:ocps.net
Orange County FL montessori elementary,8,organic,Montessori Schools | EdGuideCF,"MONTESSORI LEARNING – Search below from 14 Montessori schools ; COUNTY, Orange. CITY, Apopka. ZIP CODE, 32703. PHONE, 407-786-2255. MON-FRI HOURS, 7:15-6:00.Read more",https://www.edguidecf.com › copy-of-early-learning,https://www.edguidecf.com/copy-of-early-learning,edguidecf.com,,aggregator_or_directory:edguidecf.com
Orange County FL christian school elementary,15,organic,"Berean Christian Academy | Orange Park, FL Private School","Berean Christian Academy is a private Christian school in Orange Park, FL. Learn how we inspire, challenge, and nurture students from Pre-K ...",https://bccanes.org,https://bccanes.org/,bccanes.org,,out_of_area_domain:bccanes.org
Orange County FL christian school elementary,16,organic,San Clemente Christian School: TK–8 Private Christian School,San Clemente Christian School is a private TK–8 Christian school serving South Orange County with faith-based academics for over 40 years.,https://www.sanclementechristianschool.com,https://www.sanclementechristianschool.com/,sanclementechristianschool.com,,out_of_area_domain:sanclementechristianschool.com
Orange County FL private school elementary,11,organic,K-12 Private Schools,"Private elementary and secondary schools in Florida are not licensed, approved, accredited, or regulated by the Florida Department of Education.Read more",https://www.fldoe.org › schools › school-choice › priva...,https://www.fldoe.org/schools/school-choice/private-schools/,fldoe.org,,aggregator_or_directory:fldoe.org
Orange County FL private school elementary,15,organic,Lift Orlando & Orange Center Elementary,Parents at Orange Center Elementary School have voted to convert the school into Florida's first public-private charter school through a partnership with Lift ...Read more,https://www.liftorlando.org › eduupdate,https://www.liftorlando.org/eduupdate,liftorlando.org,,needs_location_or_type_verification:liftorlando.org
Orange County FL elementary school,6,organic,Home - Orange County School District,"Welcome to Orange County Schools! Engage, Challenge, Inspire! Reach your maximum potential! Follow our news and events to learn what's happening.",https://www.orangecountyfirst.com,https://www.orangecountyfirst.com/,orangecountyfirst.com,,aggregator_or_directory:orangecountyfirst.com
Orlando FL academy elementary school,15,organic,Scholastic Academies,"At the Sun Blaze Elementary Gifted Scholastic Academy, you'll dive into exciting challenges, hands-on projects, and advanced learning opportunities that prepare ...Read more",https://www.ocps.net › scholasticacademies,https://www.ocps.net/scholasticacademies,ocps.net,,needs_location_or_type_verification:ocps.net
Orange County FL lower school,12,organic,PreK-12 Private School in Orange Park | St. Johns Country Day,"Discover St. Johns, Orange Park's hidden gem for PreK-12 education. Personalized learning, strong academics, arts, athletics & a supportive campus ...",https://www.sjcds.net,https://www.sjcds.net/,sjcds.net,,out_of_area_domain:sjcds.net
Orange County FL lower school,16,organic,The Bolles School: Home,"Lower School Ponte Vedra Beach Campus (Pre K - Grade 5) 200 ATP Tour Boulevard, Ponte Vedra Beach, FL 32082 904-285-4658; Middle School Bartram Campus (Grades 6 ...Read more",https://www.bolles.org,https://www.bolles.org/,bolles.org,,out_of_area_domain:bolles.org
Orange County FL lower school,18,organic,Find My School Home,"The Student Enrollment Office is located at 6501 Magic Way, Bldg 100B, Orlando, FL 32809. Office hours are 7:30 a.m. - 4:30 p.m. Monday through Friday (except ...Read more",https://www.ocps.net › find-my-school-home,https://www.ocps.net/find-my-school-home,ocps.net,,needs_location_or_type_verification:ocps.net
Orange County FL lower school,19,organic,Orange County Public Schools: Home,Elementary Schools (PreK - Grade 5) Strategic Plan Community School Partnerships Secondary School (Grades 6-12)Read more,https://www.ocss-va.org,https://www.ocss-va.org/,ocss-va.org,,out_of_area_domain:ocss-va.org
Orange County FL lower school,20,organic,Orange County Public Schools release 'potential uses' for ...,"The proposal outlines potential uses like a healthcare facility, a welcome center, and space for professional development for teachers and ...",https://www.wusf.org › education › orange-county-pub...,https://www.wusf.org/education/2026-01-07/orange-county-public-schools-release-potential-uses-for-seven-schools-that-may-close,wusf.org,,aggregator_or_directory:wusf.org
Orange County FL K-8 school,3,organic,Middle School & K-8 Cadres,Middle School & K-8 Cadres ; Jenny Gibson. Principal Leader Middle School - Cadre 1. Middle Schools – Cadre 1 ; Rolando Bailey. Principal Leader Middle Schools - ...Read more,https://www.ocps.net › ...,https://www.ocps.net/126617_3,ocps.net,,needs_location_or_type_verification:ocps.net
Orange County FL K-8 school,6,organic,List of Schools in Orange District (48),"901 Webster Avenue, Winter Park, FL 32789, (407) 897-6410. Map · Orlando Science Charter School K-8 (0103) 2600 Technology Drive, Orlando, FL 32804, (407) 299 ...Read more",https://web03.fldoe.org › Schools › schoolreport,https://web03.fldoe.org/Schools/schoolreport.asp?id=48,web03.fldoe.org,,aggregator_or_directory:web03.fldoe.org
Orange County FL montessori elementary,14,organic,Children's House Montessori School,"For more than 40 years, Children's House Montessori School in DeLand, Florida has provided an outstanding educational program for children.",https://www.delandmontessori.com,https://www.delandmontessori.com/,delandmontessori.com,,out_of_area_domain:delandmontessori.com
Orange County FL montessori elementary,15,organic,Elementary Program: Ages 6-8 years old,Our Heritage Montessori elementary school serves children ages 6-8 and helps students develop natural curiosity while building strong academic foundations.Read more,https://www.heritagemontessori.com › elementary,https://www.heritagemontessori.com/elementary/,heritagemontessori.com,,out_of_area_domain:heritagemontessori.com
Orange County FL montessori elementary,19,organic,Rancho Viejo School – An independent Montessori School of ...,"The Rancho Viejo School, a premier South Orange County Montessori School, serves students from age 18 months through elementary school.Read more",https://ranchoviejoschool.com,https://ranchoviejoschool.com/,ranchoviejoschool.com,,out_of_area_domain:ranchoviejoschool.com
Orange County FL montessori elementary,20,organic,Cypress Junction Montessori,"Our 4th to 5th Grade Community, builds on elementary foundations, offering advanced, self-directed learning in language arts, math, science, social studies, and ...Read more",https://cypressjunction.org,https://cypressjunction.org/,cypressjunction.org,,out_of_area_domain:cypressjunction.org
Orange County FL christian school elementary,20,organic,"Grace Christian Schools – Lake Forest, CA Providing ...","We are committed to education grounded in Christian principles, and we focus on supporting and strengthening the Christian faith of our students, faculty, and ...Read more",https://gracechristianschools.org,https://gracechristianschools.org/,gracechristianschools.org,,out_of_area_domain:gracechristianschools.org
Orange County FL christian school elementary,24,organic,Friends Christian School | Develop. Nurture. Equip,"We are a private, Christian school in Yorba Linda, CA. We serve North Orange County and its' surrounding communities preschool to 8th grade.",https://www.friendschristian.org,https://www.friendschristian.org/,friendschristian.org,,out_of_area_domain:friendschristian.org
Orange County FL christian school elementary,25,organic,Trinity Christian Academy | Private Christian School,Trinity Christian academy is a private Christian school located in Jacksonville. We exist to offer quality education in a Christian atmosphere.,https://tcajax.org,https://tcajax.org/,tcajax.org,,out_of_area_domain:tcajax.org
Orange County FL christian school elementary,26,organic,Covenant Christian School - Excellence in Education,"1855 N. Orange-Olive Road, Orange, CA 92865 Phone: (714) 998-4852 Fax: (714) 998-5425 Accreditation Covenant Presbyterian ChurchRead more",https://covschool.org,https://covschool.org/,covschool.org,,"out_of_area_title_signal:""orange, ca"""
Orange County FL christian school elementary,28,organic,Elementary,"The elementary program provides a strong, core curriculum of Bible, math, reading/phonics, grammar, spelling, history, and science.Read more",https://www.scacrusaders.com › academics › elementary,https://www.scacrusaders.com/academics/elementary.cfm,scacrusaders.com,,no_strong_signal:scacrusaders.com
Orange County FL academy elementary school,4,organic,"Orange County Academy, Orlando, FL, K-9 Grade, 9 Reviews","See test scores and detailed information for Orange County Academy in Orlando, FL 32833. This FL school is located at 18415 11th Ave and is in the.",https://www.movoto.com › ... › Orlando › 32833,https://www.movoto.com/schools/orlando-fl/orange-county-academy-1213282/,movoto.com,,aggregator_or_directory:movoto.com
Orange County FL academy elementary school,5,organic,Search for Private Schools - School Detail for,School Name: Orange County Academy ; NCES School ID: A1100691 ; Physical Address: 18415 11th Ave ; County: Orange Schools in County ; Phone: (407) 298-2950.Read more,https://nces.ed.gov › surveys › pss › school_detail,https://nces.ed.gov/surveys/pss/privateschoolsearch/school_detail.asp?Search=1&Zip=32833&Miles=20&ID=A1100691,nces.ed.gov,,aggregator_or_directory:nces.ed.gov
Orange County FL preparatory school elementary,17,organic,Orange County Preparatory Academy - Orlando,"Orange County Preparatory Academy is an educational institution in Orlando, FL that provides a comprehensive academic program for students in the local ...Read more",https://www.mapquest.com › ... › Florida › Orlando,https://www.mapquest.com/us/florida/orange-county-preparatory-academy-365034739,mapquest.com,,aggregator_or_directory:mapquest.com
Orange County FL charter school elementary,13,organic,Lake Eola Charter School – Tuition Free K-8 Public School In ...,Welcome to Lake Eola Charter School. We have limited openings at this time for students in Grades 3-8. If you would like to register your child now and ...Read more,https://www.lecs.org,https://www.lecs.org/,lecs.org,,no_strong_signal:lecs.org
Orange County FL charter school elementary,18,organic,Orange Center Elementary parents approve transition to ...,"The new charter school will provide wrap-around services, like after-school programs, early learning and healthcare. The transition began in ...Read more",https://www.cfpublic.org › education › orange-center-el...,https://www.cfpublic.org/education/2026-01-23/orange-center-elementary-parents-approve-transition-to-public-private-charter-school,cfpublic.org,,aggregator_or_directory:cfpublic.org
Orange County FL K-8 school,15,organic,Schools in Orange County Public Schools,"PK, K-5, 10, View Homes · Lockhart Middle School, public, 6-8, 8, View Homes · Maitland Middle School, public, 6-8, 15, View Homes · Cypress Park Elementary ...Read more",https://www.movoto.com › schools-district › orlando-fl,https://www.movoto.com/schools-district/orlando-fl/orange-county-public-schools-1201440/,movoto.com,,aggregator_or_directory:movoto.com
Orange County FL K-8 school,16,organic,"Schools-Public Orange County in Orlando, FL","It offers enrollment to more than 1,000 students in grades kindergarten to five. It offers an academic program that focuses on reading, language arts and math ...Read more",https://local.yahoo.com › ... › Florida › Orlando,https://local.yahoo.com/info-14121916-schoolspublic-orange-county-orlando/,local.yahoo.com,,aggregator_or_directory:local.yahoo.com
Orange County FL academy elementary school,19,organic,Orange County Public Schools Youth Academy,"As a way to help with their social and emotional growth the students are able to go on field trips, listen to various guest speakers and volunteer in the ...Read more",https://netapps.ocfl.net › OCServes › Organization,https://netapps.ocfl.net/OCServes/Organization.aspx?oid=34,netapps.ocfl.net,,aggregator_or_directory:netapps.ocfl.net
Orange County FL montessori elementary,22,organic,Montessori School Of Port Orange,"Montessori School Of Port Orange holds the top school rank, offering a teacher-student 1:15 ratio and admissions to top universities.",https://www.findingschool.com › montessori-school-of-...,https://www.findingschool.com/montessori-school-of-port-orange,findingschool.com,,aggregator_or_directory:findingschool.com
Orange County FL montessori elementary,24,organic,Montessori Global,"Dr Maria Montessori. CONTACT US. Main Campus -53 N Old Kings Rd, Ormond Beach, FL 32174, USA. ​. Nest- 55 N Old Kings Rd, Ormond Beach, FL 32174. admissions ...Read more",https://www.montessoriglobalri.com,https://www.montessoriglobalri.com/,montessoriglobalri.com,,out_of_area_domain:montessoriglobalri.com
Orange County FL montessori elementary,25,organic,"Amelia Island Montessori School | Fernandina Beach, FL","AIMS is an independent, non-profit school in Fernandina Beach, Florida, offering a private education true to the original teachings of Dr. Maria Montessori.",https://www.ameliaislandmontessori.com,https://www.ameliaislandmontessori.com/,ameliaislandmontessori.com,,out_of_area_domain:ameliaislandmontessori.com
Orange County FL montessori elementary,26,organic,Heritage Montessori: Top-Rated Montessori Preschool ...,"Highly-Rated Montessori preschool and daycare with locations in Huntington Beach, Lake Forest and Newport Mesa. Authentic early learning education programs.",https://www.heritagemontessori.com,https://www.heritagemontessori.com/,heritagemontessori.com,,out_of_area_domain:heritagemontessori.com
Orange County FL montessori elementary,27,organic,Montessori Elementary School in Irvine,Explore the Elementary program at LePort Montessori Irvine Spectrum North that helps students build skills for school and life.,https://www.leportschools.com › ... › Programs,https://www.leportschools.com/preschools/ca/orange-county/irvine-spectrum-north/programs/elementary/,leportschools.com,,out_of_area_domain:leportschools.com
Orange County FL montessori elementary,28,organic,Learn About Orange County's Only Public School ...,"Springbrook Elementary School is home to Orange County and IUSD's only Elementary Montessori program, which serves students in grades 1-6.",https://iusd.org › article › learn-about-orange-countys-on...,https://iusd.org/article/learn-about-orange-countys-only-public-school-montessori-program,iusd.org,,out_of_area_domain:iusd.org
Orange County FL montessori elementary,29,organic,Foothill Montessori School,Foothill Montessori School was established in 1973 with a vision to create a school based on authentic AMI (Association Montessori International) Montessori ...Read more,https://foothillmontessorischool.com,https://foothillmontessorischool.com/,foothillmontessorischool.com,,out_of_area_domain:foothillmontessorischool.com
Orange County FL christian school elementary,31,organic,Search for Private Schools - School Detail for,School Name: Central Florida Christian Academy ; NCES School ID: A1901058 ; Physical Address: 700 Good Homes Rd ; County: Orange Schools in County ; Phone: (407) ...Read more,https://nces.ed.gov › surveys › pss › school_detail,https://nces.ed.gov/surveys/pss/privateschoolsearch/school_detail.asp?Search=1&Zip=34761&Miles=20&ID=A1901058,nces.ed.gov,,aggregator_or_directory:nces.ed.gov
Orange County FL christian school elementary,33,organic,"Lighthouse Christian School | Jacksonville, Florida","Lighthouse Christian School is a private Christian school in Florida's First Coast, with campuses in Duval, Clay and Nassau counties. Lighthouse Christian ...Read more",https://www.lighthousechristianschool.net,https://www.lighthousechristianschool.net/,lighthousechristianschool.net,,out_of_area_domain:lighthousechristianschool.net
Orange County FL christian school elementary,35,organic,Grace Christian Academy – A Quality Christian Education,"Sports, Drama, Outdoor Fun & Games, Small Friendly Classrooms, And students from kindergarten through twelfth grade who treat each other like family.Read more",https://www.gcapatriots.com,https://www.gcapatriots.com/,gcapatriots.com,,out_of_area_domain:gcapatriots.com
Orange County FL christian school elementary,36,organic,Stoneybrooke Christian School - Private Christian School ...,"In partnership with parents, Stoneybrooke Christian School exists to provide a distinctive, biblically-based education in a nurturing environment through ...",https://www.stoneybrooke.com,https://www.stoneybrooke.com/,stoneybrooke.com,,out_of_area_domain:stoneybrooke.com
Orange County FL christian school elementary,37,organic,Mount Dora Christian Academy: Home,"Mount Dora Christian Academy is proud to announce that its Elementary School has been officially recognized as a 2025 National Blue Ribbon School, one of only ...Read more",https://www.mdcacademy.org,https://www.mdcacademy.org/,mdcacademy.org,,needs_location_or_type_verification:mdcacademy.org
Orlando FL academy elementary school,23,organic,Elementary School: Ages 5 – 10,"OTA's elementary school experience spans Kindergarten through 5th grade. We begin with a robust focus on Kria, Chumash, and middos.Read more",https://www.orlandotorah.com › academics › grade-school,https://www.orlandotorah.com/academics/grade-school,orlandotorah.com,,no_strong_signal:orlandotorah.com
Orange County FL lower school,21,organic,Orange County School Board approves closing seven ...,The Orange County School Board has voted to close six elementary schools and one middle school largely due to under-enrollment.,https://www.cfpublic.org › education › orange-county-s...,https://www.cfpublic.org/education/2026-03-10/orange-county-school-board-approves-closing-seven-schools,cfpublic.org,,aggregator_or_directory:cfpublic.org
Orange County FL lower school,22,organic,Florida School Accountability Reports,Florida School Accountability Reports · Florida School Grades – 2025 · Florida School Improvement Ratings – 2025 · School Grades Calendars · Reports – 2025.Read more,https://www.fldoe.org › accountability › school-grades,https://www.fldoe.org/accountability/accountability-reporting/school-grades/,fldoe.org,,aggregator_or_directory:fldoe.org
Orange County FL lower school,30,organic,School Directory Home,School ; ACCELERATION EAST. ERIN VACCHIO. 2274 S SEMORAN BLVD · 32822. 407-992-0917 ; ACCELERATION WEST. GEORGE MORSE. 2751 LAKE STANLEY RD · 32818. 407-521-2358.Read more,https://www.ocps.net › school-directory,https://www.ocps.net/school-directory,ocps.net,,needs_location_or_type_verification:ocps.net
Orange County FL elementary school,11,organic,Elementary Schools in Orange County,There are 133 public Elementary schools in Orange county. Which one your children may attend is determined on where you live.Read more,https://www.zfc.com › Schools › Orange,https://www.zfc.com/schools/Orange/Elementary/,zfc.com,,needs_location_or_type_verification:zfc.com
Orange County FL private school elementary,22,organic,Top Private Elementary Schools Near Me in Orange County,"Private elementary schools often feature smaller class sizes, allowing teachers to tailor lessons to each student's strengths and needs. This ...Read more",https://www.pacificacademycostamesa.org › post › top-...,https://www.pacificacademycostamesa.org/post/top-private-elementary-schools-near-me,pacificacademycostamesa.org,,out_of_area_domain:pacificacademycostamesa.org
Orange County FL preparatory school elementary,28,organic,Search For Schools and Colleges - Department of Education,"Mi. Central Florida Preparatory School 1800 Marden Rd, Apopka, FL 32703 (407) 290-8073 - Orange County.Read more",https://nces.ed.gov › globallocator › PrivSchool=1,https://nces.ed.gov/globallocator/index.asp?search=1&State=FL&city=&zipcode=32714&miles=10&itemname=&sortby=name&School=1&PrivSchool=1&College=1&Status=Search+Finished&Records=312&CS=CF14CA9,nces.ed.gov,,aggregator_or_directory:nces.ed.gov
Orange County FL preparatory school elementary,30,organic,"Orange County Preparatory Academy Charter in Orlando, FL","It enrolls 305 students in grades 1st through 12th. Orange County Preparatory Academy Charter is the 2,073rd largest public elementary school in Florida and the ...Read more",https://elementaryschools.org › directory › fl › cities,https://elementaryschools.org/directory/fl/cities/orlando/orange-county-preparatory-academy-charter/120144008418/,elementaryschools.org,,aggregator_or_directory:elementaryschools.org
Orange County FL charter school elementary,29,organic,Charter Schools,Charter Schools. Charter Schools Home · Application Instructions · Charter School FAQs · Current List of Charter Schools · District Potential Applicant ...Read more,https://www.ocps.net › charter-schools,https://www.ocps.net/charter-schools,ocps.net,,needs_location_or_type_verification:ocps.net
Orange County FL lower school,32,organic,Right At School: Before and After School Enrichment,"A place to be a kid! ... Welcome to Right At School — your trusted partner for before & after school programs, camps, clubs and more, all on-site at your school.Read more",https://www.rightatschool.com,https://www.rightatschool.com/,rightatschool.com,,aggregator_or_directory:rightatschool.com
Orange County FL lower school,38,organic,Driver Improvement Schools,All course providers electronically report all Florida Department of Highway Safety and Motor Vehicles (FLHSMV)-approved school completions to the FLHSMV.Read more,https://www.flhsmv.gov › ... › Education & Courses,https://www.flhsmv.gov/driver-licenses-id-cards/education-courses/driver-improvement-schools/,flhsmv.gov,,aggregator_or_directory:flhsmv.gov
Orange County FL lower school,39,organic,Parents weigh in as Orange County Public Schools ...,Parents are weighing in as Orange County Public Schools considers closing seven schools due to low enrollment numbers and budget costs.Read more,https://www.cfpublic.org › education › parents-weigh-i...,https://www.cfpublic.org/education/2026-01-21/parents-weigh-in-as-orange-county-public-schools-considers-closing-7-schools,cfpublic.org,,aggregator_or_directory:cfpublic.org
Orange County FL christian school elementary,40,organic,"Tri-L Christian Academy in Orlando, FL","Tri-L Christian Academy is a private elementary school located in Orlando, FL and enrolls 74 students in grades Kindergarten through 8th. Tri-L Christian ...Read more",https://elementaryschools.org › directory › fl › cities › t...,https://elementaryschools.org/directory/fl/cities/orlando/tri-l-christian-academy/k9301333/,elementaryschools.org,,aggregator_or_directory:elementaryschools.org
Orange County FL christian school elementary,41,organic,Central Christian Academy,"5503 N Hiawassee Rd Orlando, FL 32818; Monday thru Friday from 8:30 am - 3:30 ... Elementary · Middle School · High School · Specialty Classes. Copyright ...Read more",http://cca.education,http://cca.education/,cca.education,,needs_location_or_type_verification:cca.education
Orange County FL christian school elementary,42,organic,Daytona Beach: Private Schools Faith Based,"Calvary Christian Academy is a Christian School based in beautiful Ormond Beach, FL that is committe ... ... 1835 Taylor Road, Port Orange, FL ...Read more",https://fun4daytonakids.com › Education-Childcare › Pri...,https://fun4daytonakids.com/Education-Childcare/Private-Schools-Faith-Based/,fun4daytonakids.com,,aggregator_or_directory:fun4daytonakids.com
Orange County FL christian school elementary,43,organic,Welcome to Orange County Christian School | Pioneer ...,"Encouraging the development of each student, spiritually, intellectually, academically, physically, and socially, through education.",https://www.occs.org,https://www.occs.org/,occs.org,,aggregator_or_directory:occs.org
Orange County FL christian school elementary,44,organic,Mariners Christian School – Building a Firm Foundation ...,"Rated the best Christian school in Orange County. MCS is a co-educational, independent Christian school located in Costa Mesa, California. Established in ...Read more",https://marinerschristianschool.com,https://marinerschristianschool.com/,marinerschristianschool.com,,out_of_area_domain:marinerschristianschool.com
Orange County FL christian school elementary,46,organic,Newport Christian School - Orange County Private Christian ...,"Located in Newport Beach, California, Newport Christian School is TK - 11th Grade private school, preparing and challenging students for the world.",https://newportchristianschool.org,https://newportchristianschool.org/,newportchristianschool.org,,out_of_area_domain:newportchristianschool.org
Orange County FL christian school elementary,47,organic,Summit Charter School | Abandoned Florda,"Central FL Christian School fire The ... By 2008, the school was deeply in debt and was audited by the Orange County school district.Read more",https://abandonedfl.com › summit-charter-school,https://abandonedfl.com/summit-charter-school/,abandonedfl.com,,aggregator_or_directory:abandonedfl.com
Orange County FL christian school elementary,48,organic,Unity Christian Academy - Christian Education,Discover our comprehensive Christian programs at Unity Christian Academy. We provide a nurturing and faith-based education for your child's academic ...,https://unityca.org,https://unityca.org/,unityca.org,,out_of_area_domain:unityca.org
Orange County FL montessori elementary,33,organic,"Best Montessori Schools in Orange County, CA",1. LePort Montessori Huntington Beach · 2. Hillside Montessori School · 3. Laguna Niguel Montessori Center · 4. Village Montessori School of Irvine · 5. Montessori ...Read more,https://jenniferimus.com › best-montessori-schools-orang...,https://jenniferimus.com/best-montessori-schools-orange-county/,jenniferimus.com,,aggregator_or_directory:jenniferimus.com
Orange County FL montessori elementary,35,organic,Montessori Bilingual School in Orange County | Ages 2–12,"Authentic Montessori education with Japanese-English bilingual programs for toddlers to grade 6. Nurturing independence, curiosity & cultural understanding.",https://monteintel.org,https://monteintel.org/,monteintel.org,,out_of_area_domain:monteintel.org
Orange County FL montessori elementary,36,organic,Innovation Montessori Ocoee,"The school offers a tuition-based casa program for children between two and a half and four years old, with a mission to provide a strong Montessori foundation.Read more",https://www.causeiq.com › Directory › Florida › Ocoee,"https://www.causeiq.com/organizations/west-orange-montessori-charter-school,900658753/",causeiq.com,,aggregator_or_directory:causeiq.com
Orange County FL montessori elementary,37,organic,Montessori Institute of Broward: Bilingual Preschool located in ...,A 2.28 acre facility specifically designed to serve as the perfect learning environment for English and Spanish-speaking children ages 2 through 10.Read more,https://montessoriinstituteofbroward.com,https://montessoriinstituteofbroward.com/,montessoriinstituteofbroward.com,,out_of_area_domain:montessoriinstituteofbroward.com
Orange County FL montessori elementary,38,organic,Montessori School Locations Orange County,"Heritage Montessori's locations in Huntington Beach, Lake Forest and Newport Mesa across Orange County. Highly-rated and well regarded preschool & daycare ...",https://www.heritagemontessori.com › our-locations,https://www.heritagemontessori.com/our-locations/,heritagemontessori.com,,out_of_area_domain:heritagemontessori.com
Orange County FL montessori elementary,39,organic,Alpha School: AI Powered Private School,"A school where kids crush academics in 2 hours, build life skills through workshops, and thrive beyond the classroom.Read more",https://alpha.school,https://alpha.school/,alpha.school,,out_of_area_domain:alpha.school
Orange County FL montessori elementary,40,organic,"Montessori World School in Orlando, FL United States","View details about Montessori World School in Orlando, FL United States on Apple Maps. Address, driving directions, images, nearby attractions and more.",https://maps.apple.com › place,https://maps.apple.com/place?place-id=I660FC146AB3E2CC5,maps.apple.com,,aggregator_or_directory:maps.apple.com
Orange County FL academy elementary school,29,organic,Orange County Educational Arts Academy,"OCEAA – a TK-8th Santa Ana charter school. a dual immersion charter school in Santa Ana. address 825 N. Broadway, Santa Ana, CA 92701. Phone 714-558-2787.Read more",https://oceaa.org,https://oceaa.org/,oceaa.org,,"out_of_area_title_signal:""santa ana"""
Orlando FL academy elementary school,34,organic,"Montverde Academy | Excellence in Education, Athletics ...","Montverde Academy is a college preparatory school that inspires students to become leaders with a passion for knowledge, global vision, and innovation.Read more",https://www.montverde.org,https://www.montverde.org/,montverde.org,,no_strong_signal:montverde.org
Orlando FL academy elementary school,39,organic,"Find the Best Elementary Schools in Orlando, FL - Winnie","The First Academy, located at 2667 Bruton Blvd in Orlando, FL, is a premier private Christian school serving students from preschool to ...Read more",https://winnie.com › ... › Florida › Orlando,https://winnie.com/orlando/elementary-schools,winnie.com,,aggregator_or_directory:winnie.com
Orange County FL K-8 school,30,organic,"The School District of Osceola County, Florida - Home",High Schools · Middle Schools · Elementary Schools · K-8 Schools · Adult Education · Virtual Schools · Alternative Education · Special Education.Read more,https://www.osceolaschools.net,https://www.osceolaschools.net/,osceolaschools.net,,out_of_area_domain:osceolaschools.net
Orange County FL elementary school,23,organic,Elementary Schools,Elementary Schools · Anaheim Hills Elementary School · California iInspire Academy · Cambridge Elementary School · Canyon Rim Elementary School · Chapman Hills ...Read more,https://www.orangeusd.org › our-schools › elementary,https://www.orangeusd.org/our-schools/elementary,orangeusd.org,,out_of_area_domain:orangeusd.org
Orlando FL academy elementary school,41,organic,"Daycare & Preschool in Orlando, FL 32810",We proudly serve the families of the Orlando/Altamonte Springs/Maitland/Apopka areas and service Riverside Elementary School. Our daycare provides an ...Read more,https://www.lapetite.com › your-local-school › orlando-f...,https://www.lapetite.com/your-local-school/orlando-fl-7496/,lapetite.com,,aggregator_or_directory:lapetite.com
Orlando FL academy elementary school,46,organic,Search For Schools and Colleges - Department of Education,"Central Florida Leadership Academy Charter 427 N Primrose Dr, Orlando, FL 32803 (407) 480-2352 - Orange County. 6 - 12. Chain Of Lakes MiddleRead more",https://nces.ed.gov › globallocator › PrivSchool=1,https://nces.ed.gov/globallocator/index.asp?search=1&State=FL&city=Orlando&zipcode=&miles=&itemname=&sortby=name&School=1&PrivSchool=1&College=1&CS=8F34CFCD,nces.ed.gov,,aggregator_or_directory:nces.ed.gov
Orange County FL lower school,42,organic,Florida Private School Scholarships,Education is not one-size-fits-all. Explore private school scholarship options in Florida with Step Up For Students.,https://www.stepupforstudents.org › Scholarships,https://www.stepupforstudents.org/scholarships/private-school/,stepupforstudents.org,,aggregator_or_directory:stepupforstudents.org
Orange County FL lower school,47,organic,"Orange County Public Schools, Florida, elections (2024)","Four seats on the Orange County Public Schools school board in Florida were up for primary election on August 20, 2024.Read more",https://ballotpedia.org › Orange_County_Public_Schools...,"https://ballotpedia.org/Orange_County_Public_Schools,_Florida,_elections_(2024)",ballotpedia.org,,aggregator_or_directory:ballotpedia.org
Orange County FL lower school,49,organic,Roger Chapin - District 3 - City of Orlando,"... School Playground and Ballfields · City of Orlando Park Rules · Reserve ... Orange Avenue Orlando, Florida 32801 407.246.2121. Monday - Friday 8 a.m. to ...Read more",https://www.orlando.gov › Mayor-City-Council › Roge...,https://www.orlando.gov/Our-Government/Mayor-City-Council/Roger-Chapin,orlando.gov,,aggregator_or_directory:orlando.gov
Orange County FL preparatory school elementary,35,organic,Lake Mary Prep: Top-Rated Private School in Orlando (Lake ...,"Lake Mary Preparatory School was founded in 1999 and continues to be one of the top co-educational, private, international prep schools in Seminole County.Read more",https://www.lakemaryprep.com,https://www.lakemaryprep.com/,lakemaryprep.com,,out_of_area_domain:lakemaryprep.com
Orange County FL montessori elementary,44,organic,Driving directions to Montessori School-Port Orange ...,"3749 S Nova Rd, Port Orange, FL 32129, USA. (386) 788-1088. People also search for. Directions to Montessori School-Port Orange, Port Orange ...Read more",https://www.waze.com › live-map › directions › fl › mo...,https://www.waze.com/live-map/directions/us/fl/port-orange/montessori-school-port-orange?to=place.ChIJp1fxaxPY5ogR9ssQbt9l3iU,waze.com,,aggregator_or_directory:waze.com
Orange County FL montessori elementary,46,organic,Home - Lakeland Montessori Schoolhouse | Lakeland ...,"Lakeland Montessori Schools are approved Polk County Charter Schools serving children age three through eighth grade in Lakeland, FL.",https://lakelandmontessori.com,https://lakelandmontessori.com/,lakelandmontessori.com,,out_of_area_domain:lakelandmontessori.com
Orange County FL montessori elementary,47,organic,"Top 10 Montessori Schools in Orange, CA","We have 60 Montessori schools in Orange, CA! Compare and find the best Montessori school to fit your needs. ​. Start ...Read more",https://www.care.com › ... › Montessori Schools › CA,https://www.care.com/montessori-school/orange-ca,care.com,,aggregator_or_directory:care.com
Orange County FL montessori elementary,49,organic,John E. Ford PreK-8 English/Spanish Montessori School,... FL 32209904-630-6540Hours: 8:30 AM - 3:00 PM. TDD/TTY: Dial 711 · FortifyFL ... Duval County Public Schools is an equal opportunity school district. DCPS ...Read more,https://www.duvalschools.org › johneford,https://www.duvalschools.org/johneford,duvalschools.org,,out_of_area_domain:duvalschools.org
Orange County FL academy elementary school,31,organic,FLVS - Florida Virtual School | Grades K-12 Online,"We offer a wide variety of online courses for Kindergarten–12th grade that are tailored to student needs. With year-round, 24/7 access, students complete ...Read more",https://flvs.net,https://flvs.net/,flvs.net,,aggregator_or_directory:flvs.net
Orange County FL academy elementary school,33,organic,Orange Unified School District: Home,Board of Education Agendas · Staff Portal · Student/Parent Portal · MyOUSD Dashboard · Finalsite · Search · About Us · Explore OUSD · Calendars.Read more,https://www.orangeusd.org,https://www.orangeusd.org/,orangeusd.org,,out_of_area_domain:orangeusd.org
Orange County FL academy elementary school,36,organic,Alpha Orange County | K-8 Private School in Lake Forest ...,"Experience Alpha School's AI-powered, personalized learning at the Lake Forest campus for K - 8th grades. Build real-world skills for your child's future.",https://alpha.school › orange-county,https://alpha.school/orange-county/,alpha.school,,out_of_area_domain:alpha.school
Orange County FL academy elementary school,38,organic,Florida Department of Education Home,"Welcome to the Florida Department of Education's website. Every day we work hand in hand with parents, teachers, educators and community members.Read more",https://www.fldoe.org,https://www.fldoe.org/,fldoe.org,,aggregator_or_directory:fldoe.org
Orange County FL academy elementary school,39,organic,Learning Program of Orange County,"Staffed with credentialed teachers supported by interns and volunteers, ASA I is for students in 3rd through 6th grade and ASA II is for students in 9th grade ...Read more",https://www.dsfoc.org › learning-program-orange-county,https://www.dsfoc.org/learning-program-orange-county/,dsfoc.org,,aggregator_or_directory:dsfoc.org
Orange County FL private school elementary,31,organic,Bridge to Independence Private School,"Discover the top private middle school programs at Bridge To Independence, Inc. offering personalized education and extracurricular activities.",https://btischool.com,https://btischool.com/,btischool.com,,needs_location_or_type_verification:btischool.com
Orange County FL private school elementary,32,organic,The Geneva School: Christian School in Orange County,"The Geneva School offers a distinctly classical Christian K-9 education, teaching all subjects from a Christian worldview.Read more",https://www.genevaschooloc.org,https://www.genevaschooloc.org/,genevaschooloc.org,,out_of_area_domain:genevaschooloc.org
Orange County FL private school elementary,33,organic,Sage Hill School | Premier 7-12 Independent School in ...,"Sage Hill School offers a bright, motivated and diverse student body in grades 7-12 a unique journey of discovery.Read more",https://www.sagehillschool.org,https://www.sagehillschool.org/,sagehillschool.org,,out_of_area_domain:sagehillschool.org
Orange County FL private school elementary,34,organic,pcaknights.org - Home,"At Pinewood Christian Academy we prioritize academic excellence across all subjects, and teach literacy essentials and IEW! Looking for more specific ...Read more",https://www.pcaknights.org,https://www.pcaknights.org/,pcaknights.org,,needs_location_or_type_verification:pcaknights.org
Orange County FL private school elementary,38,organic,WISE Private School,"W.I.S.E Private School is located in Port Orange, Florida, in Volusia County, South of Daytona Beach. W.I.S.E Private School, chartered March 3, 1983, ...Read more",https://wiseprivateschool.org,https://wiseprivateschool.org/,wiseprivateschool.org,,needs_location_or_type_verification:wiseprivateschool.org
Orange County FL private school elementary,39,organic,Seven Bridges School - Orange Park Florida - Seven Bridges ...,Why Seven Bridges School? Seven Bridges School is a unique-concept private school of students in grades K through 12.Read more,https://sevenbridgesschool.org,https://sevenbridgesschool.org/,sevenbridgesschool.org,,out_of_area_domain:sevenbridgesschool.org
Orange County FL charter school elementary,36,organic,Seminole County Public Schools - Home,"The mission of Seminole County Public Schools is to ensure that all students acquire the knowledge, skills, and attitudes to be productive citizens.Read more",https://www.scps.k12.fl.us,https://www.scps.k12.fl.us/,scps.k12.fl.us,,"out_of_area_title_signal:""seminole county"""
Orange County FL charter school elementary,39,organic,Success Academy: Public Charter Schools NYC | K-12,We're thrilled to announce that we are expanding to Florida in 2027. We are bringing our proven model of academic excellence and joyful learning ...Read more,https://www.successacademies.org,https://www.successacademies.org/,successacademies.org,,aggregator_or_directory:successacademies.org
Orange County FL charter school elementary,40,organic,Connections Academy®: Online Public School for K-12 Students,"Connections Academy is a tuition-free, accredited K–12 online public school. Explore how students thrive with personalized, at-home learning by clicking ...",https://www.connectionsacademy.com,https://www.connectionsacademy.com/,connectionsacademy.com,,aggregator_or_directory:connectionsacademy.com
Orlando FL lower school,21,organic,Holy Cross Lutheran Academy | Christian School PK - 12th ...,"Come for Preschool stay through High School. Christian School in Seminole County, Florida. Preschool and K-12 School. Tuition is 20 - 30% less than most ...",https://thehcla.org,https://thehcla.org/,thehcla.org,,"out_of_area_title_signal:""seminole county"""
Orlando FL lower school,27,organic,Ecclesial Schools,"We seek to open the doors to the private Christian school, putting high-quality education within reach of every family.Read more",https://www.esischools.org,https://www.esischools.org/,esischools.org,,needs_location_or_type_verification:esischools.org
Orange County FL preparatory school elementary,42,organic,Home - Scholarship Prep Orange County Public Charter School,"Home - Explore Scholarship Prep in Santa Ana: A free TK-8 school blending academics, arts, & athletics in a university-inspired, nurturing elementary ...",https://santa-ana.scholarshipschools.org,https://santa-ana.scholarshipschools.org/,santa-ana.scholarshipschools.org,,out_of_area_domain:santa-ana.scholarshipschools.org
Orange County FL preparatory school elementary,46,organic,Step Up For Students: Scholarships For PreK-12 In Florida,Step Up For Students offers tailored scholarships for Florida's PreK-12 students. Start your child's academic journey today.,https://www.stepupforstudents.org,https://www.stepupforstudents.org/,stepupforstudents.org,,aggregator_or_directory:stepupforstudents.org
Orange County FL preparatory school elementary,47,organic,Charter Schools USA,Find Your School ... We have over 100 campuses across 4 states. North Carolina South Carolina Florida Louisiana. Careers. We are always looking for teachers and ...Read more,https://www.charterschoolsusa.com,https://www.charterschoolsusa.com/,charterschoolsusa.com,,aggregator_or_directory:charterschoolsusa.com
Orange County FL preparatory school elementary,48,organic,"Fairmont Schools: Best Private School Orange County, CA","Discover Fairmont Private Schools, a leading group of campuses offering strong academics and student support. Explore programs and find the right fit.",https://www.fairmontschools.com,https://www.fairmontschools.com/,fairmontschools.com,,out_of_area_domain:fairmontschools.com
Orange County FL elementary school,30,organic,Search For Schools and Colleges,"Apopka Elementary 311 Vick Rd, Apopka, FL 32712 (407) 884-2200 - Orange County ; Apopka High 555 W Martin St, Apopka, FL 32712 (407) 905-5500 - Orange County.",https://nces.ed.gov › globallocator › State=FL › School=1,https://nces.ed.gov/globallocator/index.asp?search=1&State=FL&city=Apopka&zipcode=&miles=&itemname=&School=1,nces.ed.gov,,aggregator_or_directory:nces.ed.gov
Orange County FL elementary school,31,organic,Public Access,ORANGE CENTER ELEMENTARY (1331). CSI. Raise. Title1 · ORANGE COUNTY BOOT CAMP (8004) · ORANGE COUNTY PREPARATORY ACADEMY CHARTER (0206) · ORANGE DISTRICT OFFICE ...Read more,https://cims2.floridacims.org › public_access,https://cims2.floridacims.org/public_access/48,cims2.floridacims.org,,aggregator_or_directory:cims2.floridacims.org
Orange County FL elementary school,33,organic,Substitute Jobs | Orange County Public Schools,Kelly Education is accepting applications for new substitute teachers or paraprofessionals at Orange County Public Schools.Read more,https://www.mykelly.com › local-jobs › substitute-jobs-...,https://www.mykelly.com/local-jobs/substitute-jobs-orange-county-public-schools/,mykelly.com,,aggregator_or_directory:mykelly.com
Orange County FL elementary school,36,organic,Monthly School Menus & Pricing,2021 Sawgrass Lake Elementary School · 2021 Shore Acres Elementary School · 2022 Coachman Service Center · 2022 Orange Grove Elementary School · 2022 St.,https://www.pcsb.org › departments › food-and-nutrition,https://www.pcsb.org/departments/facilities-and-operations/food-and-nutrition/monthly-school-menus-pricing,pcsb.org,,out_of_area_domain:pcsb.org
Orange County FL elementary school,38,organic,EDJOIN - The Nation's #1 Education Job Board,"EDJOIN is the leading educational job site in the United States, offering a wide range of job opportunities in the education sector.Read more",https://www.edjoin.org,https://www.edjoin.org/,edjoin.org,,aggregator_or_directory:edjoin.org
Orange County FL K-8 school,32,organic,School Choice,The mission of the Office of K-12 School Choice is to support quality public and private educational choice programs by providing information and assistance.Read more,https://www.fldoe.org › schools › school-choice,https://www.fldoe.org/schools/school-choice/,fldoe.org,,aggregator_or_directory:fldoe.org
Orange County FL K-8 school,39,organic,Immunizations - Florida Department of Health,Information about childhood immunization requirements for school attendance and vaccine exemptions. Immunization Records. Immunization records are usually ...Read more,https://www.floridahealth.gov › immunization,https://www.floridahealth.gov/individual-family-health/immunization/,floridahealth.gov,,aggregator_or_directory:floridahealth.gov
Orange County FL academy elementary school,40,organic,Mayor's Citizens Academy,"The Mayor's Citizen Academy is a dynamic 9-week program that gives you an interactive, first-hand look into your local government.",https://www.orangecountyfl.net › Mayor › MayorsCitize...,https://www.orangecountyfl.net/BoardofCommissioners/Mayor/MayorsCitizensAcademy.aspx,orangecountyfl.net,,aggregator_or_directory:orangecountyfl.net
Orange County FL academy elementary school,44,organic,parent academy,"Contact. (407) 317-3200. Orange County Public Schools - 445 W Amelia St., Orlando, FL 32801 - (407) 317-3323 ... School. Searchable Dropdown more. Keyword ...Read more",https://ocps.samaritan.com › custom › organization_details,https://ocps.samaritan.com/custom/503/organization_details/1759,ocps.samaritan.com,,needs_location_or_type_verification:ocps.samaritan.com
Orange County FL academy elementary school,45,organic,Premier Academy: Home,"Celebrating over 30 years, Premier Academy is a private school offering Toddler, Preschool, Kindergarten, First Grade and Summer Camp programs.",https://premieracademyschools.com,https://premieracademyschools.com/,premieracademyschools.com,,needs_location_or_type_verification:premieracademyschools.com
Orange County FL private school elementary,43,organic,St. Johns Christian School - Private Christian School,"Welcome to St. Johns Christian School, a leading private Christian school K-12 dedicated to academic excellence and spiritual growth.",https://sjcsfl.org,https://sjcsfl.org/,sjcsfl.org,,out_of_area_domain:sjcsfl.org
Orange County FL private school elementary,47,organic,Orange County Charter Schools Directory,​ Anaheim Elementary School District. Vibrant Minds Charter School (TK-6) ... Independent Study​​​. ​Capistrano Unified School District. Community Roots ...,https://ocde.us › glcp › CharterSchools › Pages › Charter...,https://ocde.us/glcp/CharterSchools/Pages/Charter-Schools-Directory.aspx,ocde.us,,out_of_area_domain:ocde.us
Orange County FL private school elementary,49,organic,Community Leadership Academy | Private Christian School,"Offering Pre-K through 12th grade, we are a private Christian school in Tallahassee, FL with a vision to develop the next generation of godly leaders.",https://clatallahassee.org,https://clatallahassee.org/,clatallahassee.org,,out_of_area_domain:clatallahassee.org
Orange County FL private school elementary,50,organic,Holy Family Catholic School - Orange,"For over 70 years, HFCS has enabled students to be successful, spiritual, and well rounded individuals. Apply Today! It's a great day to be a Spartan!",https://www.holyfamilyk8.org,https://www.holyfamilyk8.org/,holyfamilyk8.org,,no_strong_signal:holyfamilyk8.org
Orlando FL lower school,40,organic,KIPP Public Charter Schools | College Preparatory Schools,"KIPP is a national network of public charter schools educating early childhood, elementary, middle, and high school students.",https://www.kipp.org,https://www.kipp.org/,kipp.org,,aggregator_or_directory:kipp.org
Orange County FL elementary school,39,organic,Schools in Orange County County,"Schools in Orange County County ; Castle Creek Elementary, Orange, 1245 North Avalon Park Blvd, Orlando, 4072077428 ; Catalina Elementary, Orange, 2448 29th St, ...Read more",https://liko.in › usa-counties › orange-county-fl,https://liko.in/usa-counties/orange-county-fl,liko.in,,aggregator_or_directory:liko.in
Orange County FL elementary school,41,organic,Showcase - Orange County School District,Schools · A.L. Stanback Middle School · Cedar Ridge High School · Central Elementary School · Efland-Cheeks Global Elementary School · Grady A. Brown Elementary ...Read more,https://www.orangecountyfirst.com › showcase,https://www.orangecountyfirst.com/showcase,orangecountyfirst.com,,aggregator_or_directory:orangecountyfirst.com
Orange County FL elementary school,43,organic,Elementary Schools,Westward Elementary · Whispering Pines Elementary · Wynnebrook Elementary. To Top. Visit Us. 3300 Forest Hill Boulevard. West Palm Beach. FL. 33406. Get ...Read more,https://www.palmbeachschools.org › schools › elementa...,https://www.palmbeachschools.org/schools/elementary-schools,palmbeachschools.org,,out_of_area_domain:palmbeachschools.org
Orange County FL elementary school,44,organic,Elementary Schools,"As such, Clay County offers several School Choice options at the elementary ... See Orange Park Elementary school website for application information.Read more",https://www.oneclay.net › page › elementary-schools,https://www.oneclay.net/page/elementary-schools,oneclay.net,,out_of_area_domain:oneclay.net
Orange County FL elementary school,46,organic,Orange County Public Schools,"Get more information for Orange County Public Schools in Orlando, FL. See ... Stone Lake Elementary School. Catholic elementary and secondary schools.Read more",https://www.mapquest.com › ... › Florida › Orlando,https://www.mapquest.com/us/florida/orange-county-public-schools-444612486,mapquest.com,,aggregator_or_directory:mapquest.com
Orange County FL elementary school,47,organic,"List of Schools in Orange County School District – Orlando, FL",Schools · 2-M-E-1 · 31-E-W-4 · Acceleration Academy · Addictions Receiving Facility · Adolescent Substance Abuse Program · Aloma Elementary School · Amikids Orlando.Read more,https://www.schoolcalendars.org › florida › schools,https://www.schoolcalendars.org/florida/orange-county-school-district-916151/schools/,schoolcalendars.org,,aggregator_or_directory:schoolcalendars.org
Orange County FL charter school elementary,41,organic,Access Charter School: Home,Access Charter School is a 6 – 12 grade exceptional education program designed to meet the needs of students diagnosed with Autism Spectrum Disorder.Read more,https://www.accesscharterschool.org,https://www.accesscharterschool.org/,accesscharterschool.org,,needs_location_or_type_verification:accesscharterschool.org
Orange County FL charter school elementary,43,organic,The Villages Charter School,"The Villages Charter School (TVCS) opened in August, 2000 and is one of the most successful public charter schools in Florida.",https://www.tvcs.org,https://www.tvcs.org/,tvcs.org,,out_of_area_domain:tvcs.org
Orange County FL charter school elementary,49,organic,"The School District of Osceola County, Florida - Charter ...",Charter schools are public schools that operate under a performance contract or a “charter” with the freedom from many regulations that govern district schools.Read more,https://www.osceolaschools.net › ...,https://www.osceolaschools.net/23107_4,osceolaschools.net,,out_of_area_domain:osceolaschools.net
Orange County FL private K-8 school,30,organic,Moreland's Alternative Educational Academy K-12,"The mission of MAEA is to assist students in grades K-12 in achieving their highest academic potential through creative, individual, flexible and structured ...Read more",https://www.morelandsacademy.com,https://www.morelandsacademy.com/,morelandsacademy.com,,needs_location_or_type_verification:morelandsacademy.com
Orange County FL private K-8 school,34,organic,Search for Private Schools - Search Results,"lake rose christian academy 4340 N Hiawassee Rd, Orlando, FL 32818. (407) 434-9988. Orange. 77. KG-12. 78. leaders preparatory school 1021 N Goldenrod Rd, ...Read more",https://nces.ed.gov › privateschoolsearch › school_list,https://nces.ed.gov/surveys/pss/privateschoolsearch/school_list.asp?Search=1&State=12&County=Orange&ID=BB180729&SchoolPageNum=6,nces.ed.gov,,aggregator_or_directory:nces.ed.gov
Orlando FL lower school,43,organic,Transfer Students | UCF Undergraduate Admissions,"High school transcripts are not required for transfers with an awarded A.A. degree from a Florida public community college, state college or university if ...Read more",https://www.ucf.edu › admissions › transfer,https://www.ucf.edu/admissions/undergraduate/transfer/,ucf.edu,,aggregator_or_directory:ucf.edu
Orlando FL lower school,46,organic,Nova Southeastern University,NSU Florida Logo. QUICK LINKS. Canvas · SharkLink · Abraham S. Fischler College of Education and School of Criminal Justice · Barry and Judy Silverman College ...Read more,https://www.nova.edu,https://www.nova.edu/index.html,nova.edu,,aggregator_or_directory:nova.edu
Orange County FL K-8 school,44,organic,Controlled Open Enrollment (COE),"wards creek Elementary. Available Seats. 251. Webster Elementary. Available Seats. 360. K-8 Academies ... 40 Orange St, St Augustine Fl, 32084. Physical: 47 ...Read more",https://www.stjohns.k12.fl.us › coe,https://www.stjohns.k12.fl.us/coe/,stjohns.k12.fl.us,,out_of_area_domain:stjohns.k12.fl.us
Orange County FL K-8 school,45,organic,Early Learning Coalition of Orange County,Florida's School Readiness program provides eligible families financial assistance to enroll their children in quality child care and early learning programs.Read more,https://elcoforangecounty.org,https://elcoforangecounty.org/,elcoforangecounty.org,,aggregator_or_directory:elcoforangecounty.org
Orange County FL K-8 school,49,organic,Home | Clay County District Schools,"GREEN COVE SPRINGS, FL – Clay County District Schools is proud to ... At Orange Park Elementary, academic lessons are taking on a deeper meaning ...Read more",https://www.oneclay.net,https://www.oneclay.net/,oneclay.net,,out_of_area_domain:oneclay.net
